Région;Départements;Code commune (INSEE);Commune;nombre de redevables;patrimoine moyen en €;Sommes perçues par l'état;impôt moyen en €
ILE-DE-FRANCE;PARIS;75 116;PARIS;14 346;4 341 594;62 283 744 649,13 €;21 953
ILE-DE-FRANCE;HAUTS-DE-SEINE;92 051;NEUILLY SUR SEINE;5 887;5 443 798;32 049 226 307,48 €;22 562
ILE-DE-FRANCE;PARIS;75 107;PARIS;5 778;5 443 403;31 450 063 224,50 €;28 041
ILE-DE-FRANCE;PARIS;75 117;PARIS;6 358;3 114 661;19 802 923 466,66 €;13 978
ILE-DE-FRANCE;PARIS;75 115;PARIS;6 892;2 705 908;18 649 562 296,74 €;11 362
ILE-DE-FRANCE;PARIS;75 106;PARIS;3 968;4 518 114;17 926 926 765,46 €;22 349
ILE-DE-FRANCE;PARIS;75 108;PARIS;3 141;4 163 900;13 080 115 799,30 €;21 069
AUVERGNE-RHONE-ALPES;RHONE;69 123;LYON;4 636;2 724 196;12 630 042 103,35 €;10 373
ILE-DE-FRANCE;HAUTS-DE-SEINE;92 012;BOULOGNE BILLANCOURT;3 819;2 872 527;10 969 152 167,23 €;12 286
ILE-DE-FRANCE;PARIS;75 114;PARIS;3 488;3 061 294;10 678 549 225,73 €;12 954
PROVENCE-ALPES-COTE D'AZUR;BOUCHES-DU-RHONE;13 055;MARSEILLE;3 898;2 723 179;10 614 857 060,78 €;10 546
ILE-DE-FRANCE;PARIS;75 105;PARIS;2 718;2 917 483;7 929 479 286,46 €;12 766
PROVENCE-ALPES-COTE D'AZUR;ALPES-MARITIMES;6 088;NICE;3 064;2 553 795;7 824 962 758,78 €;10 512
ILE-DE-FRANCE;YVELINES;78 646;VERSAILLES;2 611;2 730 469;7 128 618 591,61 €;11 021
OCCITANIE;HAUTE-GARONNE;31 555;TOULOUSE;2 794;2 499 551;6 983 547 128,73 €;9 595
NOUVELLE-AQUITAINE;GIRONDE;33 063;BORDEAUX;2 570;2 696 111;6 929 004 289,00 €;10 564
ILE-DE-FRANCE;PARIS;75 112;PARIS;2 439;2 451 684;5 978 546 416,02 €;9 377
PAYS DE LA LOIRE;LOIRE-ATLANTIQUE;44 109;NANTES;2 191;2 702 279;5 920 693 711,00 €;9 869
ILE-DE-FRANCE;PARIS;75 111;PARIS;2 227;2 617 886;5 828 943 445,24 €;10 743
GRAND-EST;BAS-RHIN;67 482;STRASBOURG;1 834;3 153 764;5 784 002 278,00 €;13 400
ILE-DE-FRANCE;PARIS;75 113;PARIS;2 178;2 538 539;5 529 127 477,89 €;9 997
PROVENCE-ALPES-COTE D'AZUR;BOUCHES-DU-RHONE;13 001;AIX EN PROVENCE;1 931;2 802 329;5 412 047 091,42 €;10 790
ILE-DE-FRANCE;PARIS;75 109;PARIS;1 907;2 800 253;5 340 163 763,74 €;11 346
ILE-DE-FRANCE;PARIS;75 104;PARIS;1 292;3 672 134;4 743 669 024,02 €;17 649
PROVENCE-ALPES-COTE D'AZUR;ALPES-MARITIMES;6 029;CANNES;1 497;3 092 358;4 629 373 731,13 €;14 090
ILE-DE-FRANCE;HAUTS-DE-SEINE;92 064;SAINT CLOUD;1 379;3 314 162;4 570 662 852,73 €;14 810
ILE-DE-FRANCE;PARIS;75 118;PARIS;1 602;2 822 834;4 523 450 325,48 €;11 637
ILE-DE-FRANCE;VAL-DE-MARNE;94 068;SAINT MAUR DES FOSSES;1 656;2 676 455;4 432 839 368,14 €;10 405
ILE-DE-FRANCE;HAUTS-DE-SEINE;92 063;RUEIL MALMAISON;1 621;2 603 951;4 220 882 157,60 €;9 527
ILE-DE-FRANCE;HAUTS-DE-SEINE;92 044;LEVALLOIS-PERRET;1 353;3 077 782;4 163 848 993,99 €;11 546
ILE-DE-FRANCE;PARIS;75 103;PARIS;1 183;3 185 017;3 769 257 768,05 €;14 277
BRETAGNE;ILLE-ET-VILAINE;35 238;RENNES;1 253;2 716 476;3 403 744 506,00 €;11 782
ILE-DE-FRANCE;YVELINES;78 551;SAINT-GERMAIN-EN-LAYE;1 247;2 669 465;3 328 764 397,44 €;10 595
OCCITANIE;HERAULT;34 172;MONTPELLIER;1 208;2 502 696;3 024 138 850,80 €;8 844
ILE-DE-FRANCE;PARIS;75 120;PARIS;1 154;2 484 073;2 865 822 195,15 €;8 837
ILE-DE-FRANCE;PARIS;75 119;PARIS;1 107;2 580 582;2 856 070 239,67 €;9 704
ILE-DE-FRANCE;PARIS;75 101;PARIS;791;3 566 141;2 821 248 122,09 €;17 688
LES-HAUTS-DE-FRANCE;NORD;59 378;MARCQ EN BAROEUL;835;3 209 824;2 680 748 962,42 €;14 526
ILE-DE-FRANCE;PARIS;75 110;PARIS;1 094;2 441 074;2 670 160 997,05 €;9 596
ILE-DE-FRANCE;HAUTS-DE-SEINE;92 048;MEUDON;1 002;2 587 320;2 593 026 866,56 €;9 911
ILE-DE-FRANCE;VAL-DE-MARNE;94 080;VINCENNES;1 048;2 391 257;2 506 728 151,69 €;9 006
PROVENCE-ALPES-COTE D'AZUR;ALPES-MARITIMES;6 004;ANTIBES;980;2 552 434;2 501 431 550,18 €;10 386
LES-HAUTS-DE-FRANCE;NORD;59 350;LILLE;945;2 638 451;2 493 798 987,71 €;10 463
ILE-DE-FRANCE;HAUTS-DE-SEINE;92 026;COURBEVOIE;1 086;2 276 127;2 470 773 657,77 €;8 299
ILE-DE-FRANCE;VAL-DE-MARNE;94 067;SAINT MANDE;819;2 888 445;2 366 559 246,57 €;12 287
PROVENCE-ALPES-COTE D'AZUR;ALPES-MARITIMES;6 900;MONACO;578;3 881 018;2 243 339 021,17 €;27 094
ILE-DE-FRANCE;HAUTS-DE-SEINE;92 071;SCEAUX;778;2 777 639;2 161 037 438,66 €;11 508
ILE-DE-FRANCE;VAL-DE-MARNE;94 052;NOGENT SUR MARNE;743;2 851 644;2 118 938 750,47 €;11 719
ILE-DE-FRANCE;HAUTS-DE-SEINE;92 040;ISSY LES MOULINEAUX;880;2 345 889;2 063 958 045,27 €;8 179
GRAND-EST;MARNE;51 454;REIMS;794;2 582 205;2 050 649 673,05 €;10 073
PROVENCE-ALPES-COTE D'AZUR;VAR;83 118;SAINT-RAPHAEL;805;2 473 368;1 991 061 255,00 €;9 886
ILE-DE-FRANCE;HAUTS-DE-SEINE;92 004;ASNIERES;794;2 429 213;1 929 450 133,48 €;8 945
ILE-DE-FRANCE;HAUTS-DE-SEINE;92 002;ANTONY;851;2 261 945;1 924 308 001,11 €;7 948
BOURGOGNE-FRANCHE-COMTE;COTE-D'OR;21 231;DIJON;689;2 653 959;1 828 577 454,00 €;8 979
AUVERGNE-RHONE-ALPES;ISERE;38 185;GRENOBLE;711;2 533 316;1 801 187 545,00 €;9 807
GRAND-EST;MEURTHE-ET-MOSELLE;54 395;NANCY;673;2 676 284;1 801 139 320,00 €;11 526
ILE-DE-FRANCE;YVELINES;78 158;LE CHESNAY;708;2 540 678;1 799 897 682,96 €;10 360
ILE-DE-FRANCE;YVELINES;78 146;CHATOU;679;2 577 209;1 751 181 685,33 €;10 223
ILE-DE-FRANCE;HAUTS-DE-SEINE;92 072;SEVRES;649;2 672 203;1 733 862 586,18 €;10 019
ILE-DE-FRANCE;HAUTS-DE-SEINE;92 023;CLAMART;695;2 485 311;1 726 636 135,81 €;9 620
CENTRE-VAL DE LOIRE;INDRE-ET-LOIRE;37 261;TOURS;691;2 487 805;1 720 072 866,38 €;9 876
OCCITANIE;GARD;30 189;NIMES;704;2 428 304;1 710 671 200,13 €;9 560
PROVENCE-ALPES-COTE D'AZUR;VAR;83 137;TOULON;697;2 416 228;1 684 111 152,00 €;8 757
ILE-DE-FRANCE;VAL-DE-MARNE;94 033;FONTENAY SOUS BOIS;607;2 712 968;1 646 473 106,45 €;10 622
PAYS DE LA LOIRE;MAINE-ET-LOIRE;49 007;ANGERS;664;2 431 893;1 614 777 065,00 €;8 934
ILE-DE-FRANCE;YVELINES;78 358;MAISONS-LAFFITTE;639;2 521 720;1 612 594 784,19 €;9 657
ILE-DE-FRANCE;HAUTS-DE-SEINE;92 073;SURESNES;620;2 568 228;1 592 714 208,31 €;10 017
NOUVELLE-AQUITAINE;HAUTE-VIENNE;87 085;LIMOGES;502;3 128 047;1 570 179 667,48 €;12 322
NORMANDIE;CALVADOS;14 118;CAEN;587;2 660 391;1 561 649 727,00 €;10 085
NOUVELLE-AQUITAINE;CHARENTE-MARITIME;17 300;LA ROCHELLE;606;2 565 847;1 554 903 542,00 €;10 103
AUVERGNE-RHONE-ALPES;RHONE;69 034;CALUIRE ET CUIRE;564;2 663 514;1 502 290 905,28 €;9 267
NOUVELLE-AQUITAINE;PYRENEES-ATLANTIQUES;64 122;BIARRITZ;583;2 548 222;1 485 613 573,00 €;10 408
ILE-DE-FRANCE;YVELINES;78 126;LA CELLE-SAINT-CLOUD;516;2 871 095;1 482 853 266,53 €;10 999
ILE-DE-FRANCE;PARIS;75 102;PARIS;537;2 694 319;1 445 543 099,13 €;10 296
PAYS DE LA LOIRE;SARTHE;72 181;LE MANS;534;2 620 284;1 399 231 475,00 €;10 374
CENTRE-VAL DE LOIRE;LOIRET;45 234;ORLEANS;580;2 359 872;1 368 515 515,47 €;9 020
PROVENCE-ALPES-COTE D'AZUR;VAR;83 069;HYERES;558;2 396 329;1 337 151 354,00 €;8 866
NORMANDIE;SEINE-MARITIME;76 540;ROUEN;542;2 443 616;1 324 439 822,00 €;9 803
LES-HAUTS-DE-FRANCE;SOMME;80 021;AMIENS;504;2 606 489;1 313 670 245,00 €;10 155
LA REUNION;LA REUNION;97411;SAINT DENIS;524;2 483 837;1 301 856 913,07 €;10 379
ILE-DE-FRANCE;HAUTS-DE-SEINE;92 014;BOURG LA REINE;477;2 649 597;1 262 720 017,01 €;10 178
LES-HAUTS-DE-FRANCE;NORD;59 163;CROIX;285;4 394 221;1 252 706 634,38 €;18 392
AUVERGNE-RHONE-ALPES;HAUTE-SAVOIE;74 010;ANNECY;530;2 339 880;1 240 136 441,00 €;8 433
LES-HAUTS-DE-FRANCE;NORD;59 009;VILLENEUVE D'ASCQ;381;3 238 985;1 234 296 997,84 €;12 679
BRETAGNE;ILLE-ET-VILAINE;35 288;SAINT MALO;464;2 658 306;1 233 454 038,00 €;9 926
AUVERGNE-RHONE-ALPES;PUY-DE-DOME;63 113;CLERMONT-FERRAND;485;2 505 935;1 215 378 385,00 €;11 023
AUVERGNE-RHONE-ALPES;LOIRE;42 218;SAINT ETIENNE;486;2 485 536;1 207 970 617,00 €;9 624
OCCITANIE;PYRENEES-ORIENTALES;66 136;PERPIGNAN;487;2 457 855;1 196 975 463,00 €;9 264
AUVERGNE-RHONE-ALPES;RHONE;69 202;STE FOY LES LYON;405;2 840 619;1 150 511 784,67 €;11 787
BRETAGNE;MORBIHAN;56 260;VANNES;462;2 434 946;1 124 945 266,00 €;8 433
AUVERGNE-RHONE-ALPES;HAUTE-SAVOIE;74 011;ANNECY-LE-VIEUX;443;2 514 685;1 114 005 536,00 €;9 898
GRAND-EST;MOSELLE;57 463;METZ;401;2 764 331;1 107 594 505,34 €;11 230
NOUVELLE-AQUITAINE;GIRONDE;33 069;LE BOUSCAT;339;3 249 561;1 101 601 343,00 €;11 346
ILE-DE-FRANCE;HAUTS-DE-SEINE;92 049;MONTROUGE;433;2 535 795;1 099 014 561,96 €;10 309
ILE-DE-FRANCE;VAL-DE-MARNE;94 058;LE PERREUX SUR MARNE;449;2 425 146;1 087 767 702,12 €;8 853
ILE-DE-FRANCE;VAL-DE-MARNE;94 018;CHARENTON LE PONT;459;2 368 375;1 086 108 741,26 €;8 757
ILE-DE-FRANCE;HAUTS-DE-SEINE;92 025;COLOMBES;447;2 392 688;1 068 874 613,84 €;8 810
NOUVELLE-AQUITAINE;PYRENEES-ATLANTIQUES;64 024;ANGLET;434;2 409 641;1 045 784 111,00 €;8 711
GRAND-EST;HAUT-RHIN;68 224;MULHOUSE;358;2 898 488;1 037 658 787,00 €;13 356
NOUVELLE-AQUITAINE;PYRENEES-ATLANTIQUES;64 445;PAU;440;2 346 840;1 032 609 772,00 €;8 869
PROVENCE-ALPES-COTE D'AZUR;ALPES-MARITIMES;6 030;LE CANNET;382;2 545 566;972 424 093,75 €;10 863
BOURGOGNE-FRANCHE-COMTE;DOUBS;25 056;BESANCON;382;2 536 893;969 093 008,00 €;8 973
PROVENCE-ALPES-COTE D'AZUR;VAR;83 061;FREJUS;395;2 386 297;942 587 128,00 €;9 931
NORMANDIE;SEINE-MARITIME;76 351;LE HAVRE;377;2 482 157;935 773 145,00 €;9 594
LES-HAUTS-DE-FRANCE;OISE;60 159;COMPIEGNE;330;2 830 521;934 493 260,64 €;11 092
ILE-DE-FRANCE;VAL-D'OISE;95 428;MONTMORENCY;312;2 960 647;924 043 914,45 €;15 391
PROVENCE-ALPES-COTE D'AZUR;VAUCLUSE;84 007;AVIGNON;349;2 636 183;920 027 782,00 €;11 013
AUVERGNE-RHONE-ALPES;SAVOIE;73 065;CHAMBERY;337;2 665 494;898 271 553,00 €;11 234
PROVENCE-ALPES-COTE D'AZUR;ALPES-MARITIMES;6 027;CAGNES SUR MER;399;2 240 990;894 165 310,83 €;8 382
ILE-DE-FRANCE;HAUTS-DE-SEINE;92 062;PUTEAUX;358;2 449 517;876 023 593,49 €;9 415
ILE-DE-FRANCE;HAUTS-DE-SEINE;92 075;VANVES;369;2 348 603;867 617 909,86 €;7 993
PROVENCE-ALPES-COTE D'AZUR;ALPES-MARITIMES;6 155;VALLAURIS;335;2 578 578;863 837 712,98 €;10 829
ILE-DE-FRANCE;ESSONNE;91 477;PALAISEAU;245;3 512 127;860 947 356,37 €;11 321
ILE-DE-FRANCE;ESSONNE;91 272;GIF SUR YVETTE;379;2 236 314;848 139 195,18 €;7 378
PROVENCE-ALPES-COTE D'AZUR;ALPES-MARITIMES;6 079;MANDELIEU LA NAPOULE;353;2 400 587;847 422 280,92 €;9 914
GRAND-EST;HAUT-RHIN;68 066;COLMAR;299;2 733 278;817 250 081,00 €;11 985
NOUVELLE-AQUITAINE;VIENNE;86 194;POITIERS;313;2 567 203;803 534 523,00 €;9 532
PROVENCE-ALPES-COTE D'AZUR;ALPES-MARITIMES;6 069;GRASSE;330;2 426 589;800 787 705,99 €;10 225
ILE-DE-FRANCE;HAUTS-DE-SEINE;92 009;BOIS-COLOMBES;346;2 297 672;796 111 531,07 €;7 595
ILE-DE-FRANCE;HAUTS-DE-SEINE;92 035;LA GARENNE COLOMBES;336;2 369 370;795 200 259,15 €;8 709
ILE-DE-FRANCE;HAUTS-DE-SEINE;92 019;CHATENAY MALABRY;313;2 510 442;786 669 621,73 €;10 009
LA REUNION;LA REUNION;97415;SAINT PAUL;306;2 521 704;771 856 714,98 €;9 712
NOUVELLE-AQUITAINE;GIRONDE;33 529;LA TESTE DE BUCH;312;2 451 057;764 729 763,00 €;8 779
CORSE;CORSE-DU-SUD;2A 004;AJACCIO;279;2 708 015;756 680 510,96 €;12 195
OCCITANIE;HERAULT;34 032;BEZIERS;288;2 620 669;755 018 042,56 €;10 757
BRETAGNE;FINISTERE;29 019;BREST;270;2 768 692;747 546 713,00 €;8 805
LES-HAUTS-DE-FRANCE;NORD;59 328;LAMBERSART;255;2 792 367;712 158 684,29 €;10 363
ILE-DE-FRANCE;VAL-DE-MARNE;94 046;MAISONS ALFORT;314;2 220 531;697 882 680,49 €;8 211
AUVERGNE-RHONE-ALPES;DROME;26 362;VALENCE;255;2 729 147;695 932 534,00 €;10 459
LES-HAUTS-DE-FRANCE;NORD;59 646;WASQUEHAL;227;3 018 101;685 268 094,42 €;13 371
NOUVELLE-AQUITAINE;PYRENEES-ATLANTIQUES;64 102;BAYONNE;261;2 585 029;674 692 660,00 €;11 056
AUVERGNE-RHONE-ALPES;RHONE;69 244;TASSIN-LA-DEMI-LUNE;264;2 555 207;674 612 133,89 €;9 187
CENTRE-VAL DE LOIRE;EURE-ET-LOIR;28 085;CHARTRES;270;2 496 467;674 046 139,00 €;10 596
NOUVELLE-AQUITAINE;GIRONDE;33 281;MERIGNAC;279;2 367 357;660 492 512,00 €;9 228
NOUVELLE-AQUITAINE;DEUX-SEVRES;79 191;NIORT;219;2 927 993;641 230 422,00 €;12 868
OCCITANIE;TARN-ET-GARONNE;82 121;MONTAUBAN;245;2 608 026;640 202 243,93 €;10 377
PAYS DE LA LOIRE;MAYENNE;53 130;LAVAL;218;2 924 081;637 449 673,00 €;12 579
PROVENCE-ALPES-COTE D'AZUR;BOUCHES-DU-RHONE;13 028;LA CIOTAT;267;2 373 553;634 324 203,60 €;9 071
OCCITANIE;HERAULT;34 301;SETE;240;2 542 294;610 338 040,02 €;9 183
NOUVELLE-AQUITAINE;CORREZE;19 031;BRIVE;228;2 642 704;602 536 497,00 €;11 166
AUVERGNE-RHONE-ALPES;RHONE;69 266;VILLEURBANNE;275;2 183 028;600 354 126,24 €;6 751
ILE-DE-FRANCE;YVELINES;78 517;RAMBOUILLET;240;2 499 795;600 333 976,59 €;8 573
GRAND-EST;AUBE;10 387;TROYES;210;2 847 662;599 226 648,87 €;14 795
ILE-DE-FRANCE;HAUTS-DE-SEINE;92 020;CHATILLON;255;2 342 674;597 942 392,19 €;8 810
ILE-DE-FRANCE;SEINE-SAINT-DENIS;93 048;MONTREUIL SOUS BOIS;254;2 335 600;593 242 487,00 €;9 368
ILE-DE-FRANCE;HAUTS-DE-SEINE;92 032;FONTENAY AUX ROSES;284;2 085 775;592 840 184,90 €;6 902
LES-HAUTS-DE-FRANCE;NORD;59 183;DUNKERQUE;245;2 392 783;586 332 864,63 €;8 919
AUVERGNE-RHONE-ALPES;HAUTE-SAVOIE;74 281;THONON-LES-BAINS;229;2 534 940;580 501 249,00 €;10 836
NOUVELLE-AQUITAINE;GIRONDE;33 318;PESSAC;250;2 311 019;577 754 786,00 €;8 414
GRAND-EST;MOSELLE;57 672;THIONVILLE;217;2 653 581;576 992 691,80 €;11 350
CENTRE-VAL DE LOIRE;CHER;18 033;BOURGES;256;2 233 136;572 515 897,63 €;7 185
ILE-DE-FRANCE;HAUTS-DE-SEINE;92 050;NANTERRE;254;2 202 309;560 137 441,78 €;7 407
PROVENCE-ALPES-COTE D'AZUR;BOUCHES-DU-RHONE;13 005;AUBAGNE;230;2 415 144;555 976 520,56 €;9 116
PROVENCE-ALPES-COTE D'AZUR;VAR;83 129;SIX-FOURS-LES-PLAGES;255;2 137 655;545 102 149,00 €;7 349
BRETAGNE;FINISTERE;29 232;QUIMPER;218;2 491 748;543 201 015,00 €;7 639
AUVERGNE-RHONE-ALPES;SAVOIE;73 008;AIX LES BAINS;251;2 138 276;536 707 338,00 €;7 083
ILE-DE-FRANCE;VAL-DE-MARNE;94 028;CRETEIL;240;2 176 340;522 800 224,23 €;7 050
PROVENCE-ALPES-COTE D'AZUR;HAUTES-ALPES;5 061;GAP;214;2 380 851;509 502 180,00 €;7 916
PROVENCE-ALPES-COTE D'AZUR;ALPES-MARITIMES;6 083;MENTON;224;2 245 749;503 054 835,96 €;8 251
PROVENCE-ALPES-COTE D'AZUR;ALPES-MARITIMES;6 123;SAINT LAURENT DU VAR;212;2 325 974;493 113 034,49 €;9 927
OCCITANIE;TARN;81 004;ALBI;208;2 360 511;490 620 700,37 €;8 287
ILE-DE-FRANCE;SEINE-SAINT-DENIS;93 077;VILLEMOMBLE;198;2 410 075;477 194 843,00 €;9 094
LES-HAUTS-DE-FRANCE;PAS-DE-CALAIS;62 041;ARRAS;183;2 603 086;476 570 904,28 €;10 134
CENTRE-VAL DE LOIRE;LOIRET;45 232;OLIVET;197;2 389 267;471 467 312,89 €;9 550
NOUVELLE-AQUITAINE;GIRONDE;33 522;TALENCE;190;2 465 819;468 505 584,00 €;10 771
PAYS DE LA LOIRE;LOIRE-ATLANTIQUE;44 215;VERTOU;180;2 566 815;462 026 617,00 €;7 332
OCCITANIE;HAUTE-GARONNE;31 557;TOURNEFEUILLE;182;2 534 656;461 839 190,35 €;8 988
PAYS DE LA LOIRE;MAINE-ET-LOIRE;49 099;CHOLET;191;2 415 074;461 279 065,00 €;8 968
PROVENCE-ALPES-COTE D'AZUR;BOUCHES-DU-RHONE;13 004;ARLES;191;2 407 502;459 889 472,32 €;9 620
PROVENCE-ALPES-COTE D'AZUR;VAR;83 050;DRAGUIGNAN;206;2 208 791;455 011 027,00 €;8 065
ILE-DE-FRANCE;VAL-DE-MARNE;94 038;L'HAY LES ROSES;207;2 174 588;450 584 629,37 €;7 726
LES-HAUTS-DE-FRANCE;NORD;59 368;LA MADELEINE;164;2 738 332;449 180 433,86 €;10 623
ILE-DE-FRANCE;VAL-DE-MARNE;94 071;SUCY EN BRIE;196;2 255 898;442 605 924,53 €;8 628
PAYS DE LA LOIRE;LOIRE-ATLANTIQUE;44 184;ST NAZAIRE;189;2 330 639;440 490 698,00 €;7 193
PAYS DE LA LOIRE;VENDEE;85 191;LA ROCHE SUR YON;171;2 556 033;437 081 678,00 €;10 610
OCCITANIE;AUDE;11 262;NARBONNE;183;2 384 717;436 403 183,00 €;8 693
PAYS DE LA LOIRE;LOIRE-ATLANTIQUE;44 114;ORVAULT;182;2 394 979;435 886 214,00 €;9 236
GRAND-EST;BAS-RHIN;67 180;HAGUENAU;148;2 944 575;435 797 042,00 €;11 752
BOURGOGNE-FRANCHE-COMTE;COTE-D'OR;21 054;BEAUNE;158;2 756 461;435 520 761,00 €;10 330
LES-HAUTS-DE-FRANCE;NORD;59 606;VALENCIENNES;186;2 322 563;431 996 790,00 €;8 482
LES-HAUTS-DE-FRANCE;OISE;60 057;BEAUVAIS;162;2 630 474;426 284 645,13 €;11 077
LES-HAUTS-DE-FRANCE;NORD;59 512;ROUBAIX;140;3 025 683;423 693 359,67 €;12 151
AUVERGNE-RHONE-ALPES;DROME;26 198;MONTELIMAR;162;2 606 073;422 183 781,00 €;10 228
BRETAGNE;COTES-D'ARMOR;22 278;SAINT-BRIEUC;173;2 431 624;420 671 020,00 €;8 763
ILE-DE-FRANCE;HAUTS-DE-SEINE;92 060;LE PLESSIS ROBINSON;188;2 230 373;419 761 723,74 €;8 319
OCCITANIE;HERAULT;34 003;AGDE;184;2 270 043;417 773 016,91 €;8 397
AUVERGNE-RHONE-ALPES;ALLIER;3 310;VICHY;171;2 417 506;413 393 567,00 €;8 617
LES-HAUTS-DE-FRANCE;NORD;59 122;CAMBRAI;160;2 577 083;412 333 347,00 €;8 480
LA REUNION;LA REUNION;97416;SAINT PIERRE;155;2 652 221;411 208 756,34 €;10 650
ILE-DE-FRANCE;VAL-DE-MARNE;94 017;CHAMPIGNY SUR MARNE;166;2 469 622;410 437 207,91 €;9 532
LES-HAUTS-DE-FRANCE;AISNE;2 722;SOISSONS;162;2 523 701;408 865 811,85 €;11 295
CENTRE-VAL DE LOIRE;LOIR-ET-CHER;41 018;BLOIS;162;2 493 587;404 258 605,97 €;10 766
AUVERGNE-RHONE-ALPES;RHONE;69 029;BRON;165;2 441 264;402 826 464,50 €;8 939
LES-HAUTS-DE-FRANCE;AISNE;2 691;SAINT QUENTIN;150;2 663 028;399 483 705,68 €;11 982
AUVERGNE-RHONE-ALPES;RHONE;69 204;SAINT-GENIS-LAVAL;169;2 354 726;397 965 089,67 €;8 163
ILE-DE-FRANCE;ESSONNE;91 114;BRUNOY;169;2 303 645;389 628 265,86 €;8 926
NOUVELLE-AQUITAINE;GIRONDE;33 192;GRADIGNAN;166;2 339 027;388 278 433,00 €;8 624
BRETAGNE;MORBIHAN;56 121;LORIENT;155;2 476 453;383 850 139,00 €;8 826
ILE-DE-FRANCE;ESSONNE;91 421;MONTGERON;158;2 387 544;377 563 648,76 €;7 517
AUVERGNE-RHONE-ALPES;AIN;1 053;BOURG-EN-BRESSE;168;2 245 649;377 269 111,00 €;8 327
ILE-DE-FRANCE;SEINE-SAINT-DENIS;93 005;AULNAY SOUS BOIS;166;2 267 486;376 402 634,00 €;8 545
CENTRE-VAL DE LOIRE;INDRE;36 044;CHATEAUROUX;139;2 673 397;371 602 202,00 €;11 642
PROVENCE-ALPES-COTE D'AZUR;BOUCHES-DU-RHONE;13 103;SALON DE PROVENCE;167;2 217 513;370 359 445,53 €;8 509
LES-HAUTS-DE-FRANCE;NORD;59 178;DOUAI;151;2 445 163;369 284 161,24 €;9 115
ILE-DE-FRANCE;VAL-D'OISE;95 018;ARGENTEUIL;141;2 598 947;366 563 238,34 €;9 466
PROVENCE-ALPES-COTE D'AZUR;VAUCLUSE;84 031;CARPENTRAS;136;2 692 418;366 168 904,00 €;9 990
PROVENCE-ALPES-COTE D'AZUR;VAR;83 126;LA SEYNE SUR MER;173;2 099 594;363 229 773,00 €;6 772
ILE-DE-FRANCE;HAUTS-DE-SEINE;92 046;MALAKOFF;152;2 386 671;363 147 479,20 €;8 389
ILE-DE-FRANCE;VAL-DE-MARNE;94 016;CACHAN;162;2 212 446;358 631 246,24 €;6 503
ILE-DE-FRANCE;ESSONNE;91 549;STE GENEVIEVE DES BOIS;155;2 311 636;358 577 864,29 €;7 552
AUVERGNE-RHONE-ALPES;ISERE;38 544;VIENNE;150;2 380 179;357 026 907,00 €;8 948
ILE-DE-FRANCE;SEINE-SAINT-DENIS;93 045;LES LILAS;130;2 736 750;355 777 451,00 €;14 755
NOUVELLE-AQUITAINE;CHARENTE;16 015;ANGOULEME;138;2 559 151;353 162 857,00 €;9 297
ILE-DE-FRANCE;SEINE-SAINT-DENIS;93 051;NOISY LE GRAND;159;2 220 114;352 998 166,00 €;9 020
BOURGOGNE-FRANCHE-COMTE;SAONE-ET-LOIRE;71 076;CHALON SUR SAONE;146;2 413 703;352 400 641,00 €;9 628
ILE-DE-FRANCE;YVELINES;78 586;SARTROUVILLE;165;2 116 474;349 395 152,76 €;7 186
GRAND-EST;VOSGES;88 160;EPINAL;121;2 879 407;348 408 246,00 €;11 827
OCCITANIE;AVEYRON;12 202;RODEZ;149;2 337 404;348 273 247,00 €;8 757
OCCITANIE;AUDE;11 069;CARCASSONNE;147;2 357 346;346 529 789,00 €;8 965
ILE-DE-FRANCE;YVELINES;78 498;POISSY;148;2 300 496;340 633 648,54 €;8 833
PAYS DE LA LOIRE;VENDEE;85 047;CHALLANS;139;2 436 331;338 650 054,00 €;9 449
BOURGOGNE-FRANCHE-COMTE;SAONE-ET-LOIRE;71 270;MACON;125;2 697 255;337 156 879,00 €;12 540
ILE-DE-FRANCE;VAL-D'OISE;95 555;ST GRATIEN;133;2 479 491;329 878 866,45 €;8 675
PROVENCE-ALPES-COTE D'AZUR;ALPES-DE-HAUTE-PROVENCE;4 112;MANOSQUE;131;2 495 626;326 927 031,00 €;11 893
OCCITANIE;TARN;81 065;CASTRES;142;2 285 179;325 628 955,17 €;7 627
NORMANDIE;EURE;27 229;EVREUX;138;2 355 889;325 112 716,00 €;8 999
BOURGOGNE-FRANCHE-COMTE;YONNE;89 024;AUXERRE;137;2 371 278;324 865 094,00 €;9 717
LA REUNION;LA REUNION;97422;TAMPON;144;2 253 295;324 546 910,11 €;8 816
NOUVELLE-AQUITAINE;GIRONDE;33 243;LIBOURNE;125;2 592 217;324 027 129,00 €;9 164
ILE-DE-FRANCE;SEINE-ET-MARNE;77 284;MEAUX;130;2 456 867;319 392 649,00 €;9 970
ILE-DE-FRANCE;ESSONNE;91 201;DRAVEIL;123;2 543 196;313 097 611,87 €;9 451
AUVERGNE-RHONE-ALPES;ALLIER;3 185;MONTLUCON;116;2 607 049;302 417 636,00 €;9 145
ILE-DE-FRANCE;VAL-DE-MARNE;94 081;VITRY SUR SEINE;141;2 134 802;301 312 730,84 €;7 220
ILE-DE-FRANCE;SEINE-ET-MARNE;77 108;CHELLES;132;2 276 834;300 542 151,00 €;8 674
PAYS DE LA LOIRE;MAINE-ET-LOIRE;49 328;SAUMUR;120;2 502 978;300 357 334,00 €;8 373
ILE-DE-FRANCE;SEINE-ET-MARNE;77 288;MELUN;113;2 657 419;300 288 393,00 €;11 848
NOUVELLE-AQUITAINE;LOT-ET-GARONNE;47 001;AGEN;121;2 478 955;299 953 592,00 €;9 402
ILE-DE-FRANCE;VAL-DE-MARNE;94 073;THIAIS;126;2 378 028;299 935 533,00 €;9 534
AUVERGNE-RHONE-ALPES;CANTAL;15 014;AURILLAC;117;2 558 611;299 357 520,00 €;9 370
GRAND-EST;MARNE;51 108;CHALONS EN CHAMPAGNE;125;2 390 482;298 853 549,34 €;9 690
BOURGOGNE-FRANCHE-COMTE;TERRITOIRE DE BELFORT;90 010;BELFORT;105;2 829 397;297 086 666,00 €;12 886
ILE-DE-FRANCE;YVELINES;78 311;HOUILLES;146;2 029 274;296 398 421,06 €;6 969
CORSE;HAUTE-CORSE;2B 033;BASTIA;121;2 436 331;294 796 107,00 €;10 237
GRAND-EST;ARDENNES;8 105;CHARLEVILLE MEZIERES;129;2 266 680;292 401 718,00 €;8 462
ILE-DE-FRANCE;SEINE-ET-MARNE;77 243;LAGNY SUR MARNE;92;3 175 596;292 154 860,00 €;11 012
OCCITANIE;GARD;30 007;ALES;128;2 276 871;292 008 133,81 €;7 960
PROVENCE-ALPES-COTE D'AZUR;BOUCHES-DU-RHONE;13 002;ALLAUCH;123;2 360 918;290 593 057,20 €;8 769
ILE-DE-FRANCE;VAL-D'OISE;95 203;EAUBONNE;135;2 149 135;290 201 172,08 €;7 603
LES-HAUTS-DE-FRANCE;NORD;59 599;TOURCOING;128;2 256 019;288 804 614,98 €;7 984
AUVERGNE-RHONE-ALPES;ISERE;38 563;VOIRON;107;2 687 110;287 520 815,00 €;11 755
BOURGOGNE-FRANCHE-COMTE;YONNE;89 387;SENS;107;2 677 229;286 463 521,00 €;11 901
MARTINIQUE;MARTINIQUE;97209;FORT DE FRANCE;95;3 012 660;285 791 215,60 €;12 284
ILE-DE-FRANCE;VAL-D'OISE;95 176;CORMEILLES EN PARISIS;127;2 231 335;283 461 321,29 €;8 228
AUVERGNE-RHONE-ALPES;AIN;1 283;OYONNAX;89;3 179 724;282 995 436,00 €;11 547
ILE-DE-FRANCE;ESSONNE;91 691;YERRES;126;2 221 831;280 116 392,29 €;8 390
ILE-DE-FRANCE;ESSONNE;91 589;SAVIGNY SUR ORGE;131;2 122 462;278 207 956,36 €;7 183
ILE-DE-FRANCE;SEINE-SAINT-DENIS;93 032;GAGNY;123;2 252 710;277 083 303,00 €;7 462
ILE-DE-FRANCE;HAUTS-DE-SEINE;92 024;CLICHY;121;2 268 437;274 925 225,08 €;8 618
ILE-DE-FRANCE;YVELINES;78 490;PLAISIR;119;2 264 471;269 617 237,42 €;7 198
AUVERGNE-RHONE-ALPES;RHONE;69 286;RILLIEUX LA PAPE;107;2 509 216;268 499 330,59 €;9 784
AUVERGNE-RHONE-ALPES;RHONE;69 282;MEYZIEU;95;2 825 270;268 416 083,22 €;12 430
ILE-DE-FRANCE;YVELINES;78 423;MONTIGNY-LE-BRETONNEUX;130;2 047 748;266 309 918,53 €;6 667
GRAND-EST;MOSELLE;57 480;MONTIGNY LES METZ;112;2 366 093;265 404 332,85 €;8 553
AUVERGNE-RHONE-ALPES;LOIRE;42 187;ROANNE;109;2 430 263;264 898 660,00 €;8 706
GRAND-EST;MARNE;51 230;EPERNAY;96;2 737 608;262 870 623,55 €;11 280
ILE-DE-FRANCE;YVELINES;78 172;CONFLANS-SAINTE-HONORINE;114;2 300 550;262 384 496,08 €;6 952
ILE-DE-FRANCE;VAL-D'OISE;95 500;PONTOISE;106;2 470 605;261 974 738,49 €;9 355
NOUVELLE-AQUITAINE;LANDES;40 088;DAX;98;2 636 109;258 338 663,00 €;9 964
NORMANDIE;MANCHE;50 129;CHERBOURG OCTEVILLE;108;2 385 829;257 669 525,00 €;8 369
ILE-DE-FRANCE;VAL-D'OISE;95 306;HERBLAY;111;2 312 584;256 767 045,30 €;9 663
NOUVELLE-AQUITAINE;CHARENTE-MARITIME;17 415;SAINTES;108;2 368 977;255 849 478,00 €;9 109
BOURGOGNE-FRANCHE-COMTE;NIEVRE;58 194;NEVERS;96;2 645 953;254 011 522,00 €;11 443
LES-HAUTS-DE-FRANCE;PAS-DE-CALAIS;62 119;BETHUNE;102;2 456 456;250 669 717,94 €;9 535
OCCITANIE;HAUTE-GARONNE;31 069;BLAGNAC;102;2 451 425;250 323 110,11 €;9 507
ILE-DE-FRANCE;YVELINES;78 640;VELIZY-VILLACOUBLAY;123;2 025 187;249 182 688,00 €;6 185
ILE-DE-FRANCE;VAL-DE-MARNE;94 076;VILLEJUIF;109;2 279 457;248 717 262,00 €;7 610
LES-HAUTS-DE-FRANCE;PAS-DE-CALAIS;62 193;CALAIS;100;2 452 147;245 317 755,63 €;9 505
NOUVELLE-AQUITAINE;DORDOGNE;24 322;PERIGUEUX;109;2 244 538;244 654 677,00 €;9 057
AUVERGNE-RHONE-ALPES;RHONE;69 264;VILLEFRANCHE-SUR-SAONE;102;2 353 653;240 083 229,85 €;9 017
GUADELOUPE;GUADELOUPE;97113;LE GOSIER;95;2 516 105;239 029 947,00 €;9 839
LES-HAUTS-DE-FRANCE;NORD;59 295;HAZEBROUCK;97;2 463 506;239 010 507,10 €;10 608
PROVENCE-ALPES-COTE D'AZUR;VAR;83 062;LA GARDE;104;2 283 782;237 513 276,00 €;8 228
AUVERGNE-RHONE-ALPES;HAUTE-SAVOIE;74 012;ANNEMASSE;112;2 120 585;237 505 519,00 €;6 895
ILE-DE-FRANCE;SEINE-ET-MARNE;77 350;OZOIR LA FERRIERE;90;2 633 921;237 052 922,00 €;11 715
NOUVELLE-AQUITAINE;GIRONDE;33 449;SAINT-MEDARD-EN-JALLES;107;2 211 286;236 607 577,00 €;6 839
AUVERGNE-RHONE-ALPES;RHONE;69 290;SAINT-PRIEST;83;2 845 309;236 171 943,64 €;11 041
ILE-DE-FRANCE;VAL-D'OISE;95 197;DEUIL LA BARRE;117;2 013 874;235 658 889,15 €;6 812
ILE-DE-FRANCE;VAL-DE-MARNE;94 041;IVRY SUR SEINE;109;2 130 106;232 399 415,92 €;7 257
GRAND-EST;BAS-RHIN;67 218;ILLKIRCH GRAFFENSTADEN;104;2 231 709;232 097 787,00 €;7 763
NORMANDIE;SEINE-MARITIME;76 217;DIEPPE;105;2 207 691;231 807 572,00 €;8 046
AUVERGNE-RHONE-ALPES;DROME;26 281;ROMANS;98;2 344 238;229 735 293,00 €;7 254
NOUVELLE-AQUITAINE;DORDOGNE;24 037;BERGERAC;114;2 010 692;229 218 852,00 €;6 324
ILE-DE-FRANCE;YVELINES;78 361;MANTES-LA-JOLIE;84;2 708 168;227 682 282,84 €;12 515
ILE-DE-FRANCE;SEINE-SAINT-DENIS;93 046;LIVRY GARGAN;105;2 117 843;222 373 562,00 €;7 492
PROVENCE-ALPES-COTE D'AZUR;VAUCLUSE;84 035;CAVAILLON;96;2 315 710;222 308 203,00 €;8 223
PROVENCE-ALPES-COTE D'AZUR;VAR;83 144;LA VALETTE;107;2 070 077;221 498 233,00 €;7 541
OCCITANIE;HAUTES-PYRENEES;65 440;TARBES;98;2 247 981;220 302 106,00 €;7 587
PAYS DE LA LOIRE;LOIRE-ATLANTIQUE;44 190;ST SEBASTIEN SUR LOIRE;92;2 391 317;220 001 152,00 €;9 901
NOUVELLE-AQUITAINE;LANDES;40 192;MONT-DE-MARSAN;95;2 304 461;218 923 787,00 €;8 414
PROVENCE-ALPES-COTE D'AZUR;VAUCLUSE;84 087;ORANGE;96;2 231 101;214 185 711,00 €;8 873
AUVERGNE-RHONE-ALPES;ISERE;38 053;BOURGOIN JALLIEU;86;2 481 411;213 401 353,00 €;9 656
GRAND-EST;HAUT-RHIN;68 297;SAINT LOUIS;80;2 660 285;212 822 839,00 €;10 998
NOUVELLE-AQUITAINE;VIENNE;86 066;CHATELLERAULT;89;2 378 549;211 690 900,00 €;8 593
PROVENCE-ALPES-COTE D'AZUR;BOUCHES-DU-RHONE;13 056;MARTIGUES;97;2 180 432;211 522 261,33 €;7 513
ILE-DE-FRANCE;ESSONNE;91 377;MASSY;98;2 155 211;211 371 338,78 €;7 234
OCCITANIE;HAUTE-GARONNE;31 395;MURET;88;2 396 227;211 049 008,10 €;8 338
OCCITANIE;HAUTE-GARONNE;31 149;COLOMIERS;98;2 149 367;210 791 339,47 €;6 199
ILE-DE-FRANCE;VAL-D'OISE;95 607;TAVERNY;98;2 146 665;210 422 081,47 €;8 030
ILE-DE-FRANCE;VAL-D'OISE;95 219;ERMONT;100;2 101 601;210 194 603,63 €;7 287
ILE-DE-FRANCE;SEINE-SAINT-DENIS;93 029;DRANCY;91;2 300 622;209 356 585,00 €;8 952
NORMANDIE;EURE;27 681;VERNON;94;2 223 157;208 976 793,00 €;7 537
NOUVELLE-AQUITAINE;GIRONDE;33 162;EYSINES;93;2 185 240;203 227 358,00 €;7 820
PAYS DE LA LOIRE;LOIRE-ATLANTIQUE;44 162;ST HERBLAIN;80;2 521 282;201 702 520,00 €;6 757
ILE-DE-FRANCE;VAL-D'OISE;95 127;CERGY;95;2 117 932;201 246 377,38 €;6 813
CENTRE-VAL DE LOIRE;INDRE-ET-LOIRE;37 122;JOUE LES TOURS;81;2 438 787;197 871 939,60 €;9 104
ILE-DE-FRANCE;SEINE-SAINT-DENIS;93 064;ROSNY SOUS BOIS;93;2 125 208;197 644 383,00 €;7 503
NOUVELLE-AQUITAINE;GIRONDE;33 550;VILLENAVE-D'ORNON;92;2 138 463;196 738 626,00 €;7 367
NOUVELLE-AQUITAINE;GIRONDE;33 199;GUJAN-MESTRAS;90;2 173 303;195 597 250,00 €;7 201
PROVENCE-ALPES-COTE D'AZUR;BOUCHES-DU-RHONE;13 047;ISTRES;69;2 813 552;194 161 332,06 €;9 517
ILE-DE-FRANCE;VAL-D'OISE;95 582;SANNOIS;77;2 483 845;191 306 306,76 €;8 764
GRAND-EST;HAUTE-MARNE;52 448;SAINT-DIZIER;55;3 470 640;190 885 198,00 €;26 437
ILE-DE-FRANCE;SEINE-ET-MARNE;77 058;BUSSY ST GEORGES;78;2 441 966;190 473 344,00 €;8 487
ILE-DE-FRANCE;ESSONNE;91 434;MORSANG SUR ORGE;80;2 371 906;189 921 287,21 €;9 429
GRAND-EST;MOSELLE;57 631;SARREGUEMINES;70;2 690 952;188 744 912,61 €;9 274
NORMANDIE;ORNE;61 001;ALENCON;83;2 271 506;188 535 024,00 €;8 844
LES-HAUTS-DE-FRANCE;PAS-DE-CALAIS;62 160;BOULOGNE SUR MER;78;2 373 972;185 242 752,04 €;9 029
ILE-DE-FRANCE;VAL-DE-MARNE;94 022;CHOISY LE ROI;76;2 433 221;185 086 606,87 €;9 743
AUVERGNE-RHONE-ALPES;LOIRE;42 207;SAINT CHAMOND;73;2 534 400;185 011 176,00 €;9 057
OCCITANIE;GERS;32 013;AUCH;88;2 091 004;184 008 383,00 €;6 132
OCCITANIE;AVEYRON;12 145;MILLAU;71;2 585 696;183 584 449,00 €;10 793
ILE-DE-FRANCE;VAL-DE-MARNE;94 079;VILLIERS SUR MARNE;86;2 098 991;180 674 223,35 €;7 230
ILE-DE-FRANCE;SEINE-SAINT-DENIS;93 055;PANTIN;84;2 150 452;180 637 950,00 €;7 895
CENTRE-VAL DE LOIRE;EURE-ET-LOIR;28 134;DREUX;69;2 604 332;179 698 892,00 €;12 572
GUYANE;GUYANE;97302;CAYENNE;55;3 253 865;178 962 601,00 €;20 435
ILE-DE-FRANCE;ESSONNE;91 027;ATHIS MONS;72;2 481 540;178 822 239,88 €;11 392
GRAND-EST;BAS-RHIN;67 447;SCHILTIGHEIM;68;2 616 168;177 899 422,00 €;10 566
CENTRE-VAL DE LOIRE;LOIRET;45 284;SAINT JEAN DE BRAYE;69;2 562 696;176 990 402,23 €;13 077
ILE-DE-FRANCE;VAL-D'OISE;95 252;FRANCONVILLE;59;2 981 582;175 958 613,94 €;13 025
BRETAGNE;COTES-D'ARMOR;22 113;LANNION;78;2 252 860;175 723 108,00 €;8 678
LES-HAUTS-DE-FRANCE;SOMME;80 001;ABBEVILLE;71;2 462 746;174 854 952,00 €;8 005
PAYS DE LA LOIRE;LOIRE-ATLANTIQUE;44 143;REZE;81;2 105 216;170 522 477,00 €;6 364
ILE-DE-FRANCE;VAL-DE-MARNE;94 002;ALFORTVILLE;77;2 202 536;169 764 240,13 €;8 615
PROVENCE-ALPES-COTE D'AZUR;BOUCHES-DU-RHONE;13 071;LES PENNES MIRABEAU;75;2 257 535;169 333 970,61 €;6 424
BRETAGNE;ILLE-ET-VILAINE;35 115;FOUGERES;73;2 312 582;168 818 460,00 €;8 012
ILE-DE-FRANCE;ESSONNE;91 223;ETAMPES;66;2 541 817;167 966 647,20 €;11 279
OCCITANIE;LOT;46 042;CAHORS;74;2 240 644;165 807 642,00 €;8 460
MARTINIQUE;MARTINIQUE;97229;SCHOELCHER;61;2 694 969;165 419 678,50 €;12 789
LES-HAUTS-DE-FRANCE;PAS-DE-CALAIS;62 498;LENS;62;2 649 561;164 367 023,84 €;11 441
AUVERGNE-RHONE-ALPES;HAUTE-SAVOIE;74 268;SEYNOD;85;1 923 478;163 495 660,00 €;5 310
ILE-DE-FRANCE;SEINE-SAINT-DENIS;93 057;LES PAVILLONS SOUS BOIS;76;2 137 608;162 458 234,00 €;7 483
ILE-DE-FRANCE;SEINE-SAINT-DENIS;93 049;NEUILLY PLAISANCE;76;2 128 626;161 775 582,00 €;6 980
AUVERGNE-RHONE-ALPES;ALLIER;3 190;MOULINS;62;2 584 268;160 224 616,00 €;10 450
LA REUNION;LA REUNION;97418;SAINTE MARIE;74;2 145 892;158 821 637,08 €;7 666
PROVENCE-ALPES-COTE D'AZUR;BOUCHES-DU-RHONE;13 054;MARIGNANE;70;2 248 672;157 422 499,29 €;8 333
LES-HAUTS-DE-FRANCE;AISNE;2 408;LAON;67;2 329 849;156 107 282,79 €;7 503
BOURGOGNE-FRANCHE-COMTE;JURA;39 198;DOLE;67;2 329 316;156 064 200,00 €;6 638
GRAND-EST;MEURTHE-ET-MOSELLE;54 547;VANDOEUVRE LES NANCY;66;2 337 432;154 270 534,00 €;8 736
NOUVELLE-AQUITAINE;LOT-ET-GARONNE;47 323;VILLENEUVE SUR LOT;65;2 357 059;153 208 827,00 €;9 153
ILE-DE-FRANCE;SEINE-ET-MARNE;77 373;PONTAULT COMBAULT;70;2 179 222;152 545 521,00 €;8 347
ILE-DE-FRANCE;ESSONNE;91 174;CORBEIL ESSONNES;55;2 752 888;151 520 777,29 €;11 076
LA REUNION;LA REUNION;97408;LA POSSESSION;71;2 094 079;148 698 829,47 €;7 101
ILE-DE-FRANCE;ESSONNE;91 345;LONGJUMEAU;51;2 910 318;148 534 697,61 €;18 979
ILE-DE-FRANCE;HAUTS-DE-SEINE;92 007;BAGNEUX;70;2 065 817;144 730 773,25 €;6 529
ILE-DE-FRANCE;YVELINES;78 208;ELANCOURT;73;1 956 301;142 853 581,22 €;6 447
ILE-DE-FRANCE;VAL-DE-MARNE;94 034;FRESNES;58;2 449 486;142 270 624,80 €;8 416
AUVERGNE-RHONE-ALPES;RHONE;69 149;OULLINS;67;2 119 503;142 010 274,64 €;6 979
ILE-DE-FRANCE;SEINE-SAINT-DENIS;93 070;SAINT OUEN;64;2 166 351;138 646 448,00 €;8 150
OCCITANIE;HERAULT;34 145;LUNEL;60;2 274 644;136 529 855,38 €;8 004
ILE-DE-FRANCE;VAL-DE-MARNE;94 043;LE KREMLIN BICETRE;67;2 021 008;135 490 234,85 €;6 146
ILE-DE-FRANCE;SEINE-SAINT-DENIS;93 053;NOISY LE SEC;58;2 297 011;133 226 612,00 €;9 449
NORMANDIE;MANCHE;50 502;SAINT LO;57;2 331 798;132 912 458,00 €;6 723
ILE-DE-FRANCE;ESSONNE;91 687;VIRY CHATILLON;68;1 936 016;131 714 737,92 €;5 886
LA REUNION;LA REUNION;97409;SAINT ANDRE;56;2 331 742;130 609 657,83 €;8 963
ILE-DE-FRANCE;YVELINES;78 297;GUYANCOURT;66;1 966 212;129 808 319,88 €;5 076
ILE-DE-FRANCE;SEINE-SAINT-DENIS;93 006;BAGNOLET;60;2 157 954;129 477 263,00 €;6 587
ILE-DE-FRANCE;SEINE-SAINT-DENIS;93 066;SAINT DENIS;55;2 312 350;127 179 226,00 €;8 865
LES-HAUTS-DE-FRANCE;NORD;59 279;HALLUIN;52;2 395 996;124 610 754,26 €;8 788
ILE-DE-FRANCE;SEINE-SAINT-DENIS;93 047;MONTFERMEIL;55;2 249 321;123 712 666,00 €;9 450
BOURGOGNE-FRANCHE-COMTE;DOUBS;25 388;MONTBELIARD;59;2 089 349;123 271 618,00 €;7 781
NOUVELLE-AQUITAINE;CHARENTE-MARITIME;17 299;ROCHEFORT;53;2 272 479;120 441 375,00 €;7 828
ILE-DE-FRANCE;SEINE-SAINT-DENIS;93 031;EPINAY SUR SEINE;57;2 065 619;117 740 292,00 €;6 669
ILE-DE-FRANCE;ESSONNE;91 103;BRETIGNY SUR ORGE;51;2 286 168;116 695 288,03 €;8 494
AUVERGNE-RHONE-ALPES;RHONE;69 275;DECINES-CHARPIEU;54;2 128 108;114 921 038,96 €;6 764
OCCITANIE;HERAULT;34 108;FRONTIGNAN;50;2 248 046;112 427 620,47 €;8 840
ILE-DE-FRANCE;ESSONNE;91 521;RIS ORANGIS;51;1 922 290;98 082 419,93 €;5 617
